student_id,moodle_user_key,workday_person_id
S000001,mdl_s000001,WD82117865
S000002,mdl_s000002,WD18983962
S000003,mdl_s000003,WD55962545
S000004,mdl_s000004,WD81229989
S000005,mdl_s000005,WD26521485
S000006,mdl_s000479,WD21455120
S000007,mdl_s000007,WD75495390
S000008,mdl_s000008,WD56187304
S000009,mdl_s000009,WD11094884
S000010,mdl_s000010,WD46412594
S000011,mdl_s000011,WD82749406
S000012,mdl_s000012,WD20049657
S000013,mdl_s000013,WD02239789
S000014,mdl_s000014,WD12468793
S000015,mdl_s000015,WD22044066
S000016,mdl_s000016,WD04536524
S000017,mdl_s000017,WD55714946
S000018,mdl_s000018,WD83986332
S000019,mdl_s000019,WD18483490
S000020,mdl_s000020,WD89085663
S000021,mdl_s000021,WD84877825
S000022,mdl_s000022,WD98575739
S000023,mdl_s000023,WD05737140
S000024,mdl_s000024,WD32941572
S000025,mdl_s000025,WD79076463
S000026,mdl_s000026,WD34871288
S000027,mdl_s000027,WD80636911
S000028,mdl_s000028,WD81987287
S000029,mdl_s000029,WD30154380
S000030,mdl_s000030,WD81164985
S000031,mdl_s000031,WD63598220
S000032,mdl_s000032,WD36666803
S000033,mdl_s000033,WD22990120
S000034,mdl_s000034,WD21615382
S000035,mdl_s000035,WD72784737
S000036,mdl_s000036,WD44723914
S000037,mdl_s000037,WD64589102
S000038,mdl_s000038,WD29440350
S000039,mdl_s000039,WD06529944
S000040,mdl_s000040,WD07385722
S000041,mdl_s000041,WD37073155
S000042,mdl_s000042,WD11612189
S000043,mdl_s000043,WD67128571
S000044,mdl_s000044,WD43626922
S000045,mdl_s000045,WD69205736
S000046,mdl_s000046,WD25667078
S000047,mdl_s000047,WD73134034
S000048,mdl_s000048,WD84804298
S000049,mdl_s000049,WD74891935
S000050,mdl_s000050,WD73807848
S000051,mdl_s000051,WD41819599
S000052,mdl_s000052,WD16368234
S000053,mdl_s000053,WD58456803
S000054,mdl_s000054,WD94402674
S000055,mdl_s000055,WD09148706
S000056,mdl_s000056,WD99938787
S000057,mdl_s000057,WD54300718
S000058,mdl_s000058,WD16415427
S000059,mdl_s000059,WD59854836
S000060,mdl_s000060,WD31949692
S000061,mdl_s000061,WD14669317
S000062,mdl_s000062,WD92293433
S000063,mdl_s000063,WD26181348
S000064,mdl_s000064,WD60315081
S000065,mdl_s000065,WD43467122
S000066,mdl_s000066,WD94565013
S000067,mdl_s000067,WD82440038
S000068,mdl_s000068,WD38610489
S000069,mdl_s000069,WD28187107
S000070,mdl_s000070,WD24844248
S000071,mdl_s000071,WD43496096
S000072,mdl_s000072,WD51972604
S000073,mdl_s000073,WD77677471
S000074,mdl_s000074,WD00696025
S000075,mdl_s000075,WD98526908
S000076,mdl_s000076,WD09551657
S000077,mdl_s000077,WD17309834
S000078,mdl_s000078,WD56942596
S000079,mdl_s000079,WD24881238
S000080,mdl_s000080,WD31521015
S000081,mdl_s000081,WD56841840
S000082,mdl_s000082,WD72781579
S000083,mdl_s000083,WD20118363
S000084,mdl_s000084,WD54682434
S000085,mdl_s000085,WD22487957
S000086,mdl_s000086,WD75597982
S000087,mdl_s000087,WD18668019
S000088,mdl_s000088,WD12698019
S000089,mdl_s000089,WD30772550
S000090,mdl_s000090,WD60219093
S000091,mdl_s000091,WD02040744
S000092,mdl_s000092,WD79530597
S000093,mdl_s000093,WD78792598
S000094,mdl_s000094,WD67128478
S000095,mdl_s000095,WD98138110
S000096,mdl_s000096,WD27161284
S000097,mdl_s000097,WD69983435
S000098,mdl_s000098,WD02052926
S000099,mdl_s000099,WD04578932
S000100,mdl_s000100,WD80334007
S000101,mdl_s000101,WD48977525
S000102,mdl_s000102,WD34164891
S000103,mdl_s000103,WD05129494
S000104,mdl_s000104,WD78339462
S000105,mdl_s000105,WD70795380
S000106,mdl_s000106,WD37343286
S000107,mdl_s000107,WD50854752
S000108,mdl_s000108,WD74434483
S000109,mdl_s000109,WD74895575
S000110,mdl_s000110,WD38530618
S000111,mdl_s000111,WD93349426
S000112,mdl_s000112,WD55772920
S000113,mdl_s000113,WD50999572
S000114,mdl_s000114,WD06828720
S000115,mdl_s000115,WD01243688
S000116,mdl_s000116,WD06374127
S000117,mdl_s000117,WD12520005
S000118,mdl_s000118,WD55690240
S000119,mdl_s000119,WD87061264
S000120,mdl_s000120,WD94945836
S000121,mdl_s000121,WD82703588
S000122,mdl_s000122,WD99851591
S000123,mdl_s000123,WD45359454
S000124,mdl_s000124,WD05336266
S000125,mdl_s000125,WD94391890
S000126,mdl_s000126,WD30691410
S000127,mdl_s000127,WD52855666
S000128,mdl_s000128,WD30717305
S000129,mdl_s000129,WD11750602
S000130,mdl_s000130,WD34245540
S000131,mdl_s000131,WD54788745
S000132,mdl_s000132,WD09851395
S000133,mdl_s000133,WD32976864
S000134,mdl_s000134,WD50886240
S000135,mdl_s000135,WD51858431
S000136,mdl_s000136,WD07139880
S000137,mdl_s000137,WD46389505
S000138,mdl_s000138,WD20823654
S000139,mdl_s000139,WD28929174
S000140,mdl_s000140,WD59557464
S000141,mdl_s000141,WD16416232
S000142,mdl_s000142,WD49653547
S000143,mdl_s000143,WD26144187
S000144,mdl_s000144,WD30638658
S000145,mdl_s000145,WD98412686
S000146,mdl_s000146,WD83392163
S000147,mdl_s000147,WD91615506
S000148,mdl_s000148,WD53346744
S000149,mdl_s000149,WD29677268
S000150,mdl_s000150,WD73623725
S000151,mdl_s000151,WD06676742
S000152,mdl_s000279,WD82441560
S000153,mdl_s000153,WD85829726
S000154,mdl_s000154,WD17255076
S000155,mdl_s000155,WD10611405
S000156,mdl_s000156,WD46117867
S000157,mdl_s000157,WD37612402
S000158,mdl_s000158,WD33270609
S000159,mdl_s000159,WD59479444
S000160,mdl_s000160,WD54633258
S000161,mdl_s000161,WD82946754
S000162,mdl_s000162,WD04166709
S000163,mdl_s000163,WD95641814
S000164,mdl_s000164,WD48516758
S000165,mdl_s000165,WD11970054
S000166,mdl_s000166,WD99104800
S000167,mdl_s000167,WD80852668
S000168,mdl_s000168,WD23721114
S000169,mdl_s000169,WD70306746
S000170,mdl_s000170,WD99572182
S000171,mdl_s000171,WD94290766
S000172,mdl_s000172,WD17624337
S000173,mdl_s000173,WD27158991
S000174,mdl_s000174,WD38829230
S000175,mdl_s000175,WD01162996
S000176,mdl_s000176,WD34934756
S000177,mdl_s000177,WD21977336
S000178,mdl_s000178,WD24497025
S000179,mdl_s000179,WD06733611
S000180,mdl_s000180,WD60853396
S000181,mdl_s000181,WD53030764
S000182,mdl_s000182,WD71931233
S000183,mdl_s000183,WD70070681
S000184,mdl_s000184,WD92457375
S000185,mdl_s000185,WD46171172
S000186,mdl_s000378,WD64591076
S000187,mdl_s000187,WD94103507
S000188,mdl_s000188,WD00097924
S000189,mdl_s000189,WD60913611
S000190,mdl_s000190,WD22851374
S000191,mdl_s000191,WD57344834
S000192,mdl_s000192,WD99778735
S000193,mdl_s000193,WD30660166
S000194,mdl_s000194,WD55093259
S000195,mdl_s000195,WD35263419
S000196,mdl_s000196,WD62629839
S000197,mdl_s000197,WD68691197
S000198,mdl_s000198,WD47488826
S000199,mdl_s000199,WD96374895
S000200,mdl_s000200,WD85473642
S000201,mdl_s000201,WD02876545
S000202,mdl_s000202,WD21494819
S000203,mdl_s000203,WD73451830
S000204,mdl_s000204,WD63057590
S000205,mdl_s000205,WD19802073
S000206,mdl_s000206,WD80368863
S000207,mdl_s000207,WD74618928
S000208,mdl_s000208,WD76529556
S000209,mdl_s000209,WD31598536
S000210,mdl_s000210,WD41033951
S000211,mdl_s000211,WD09598918
S000212,mdl_s000212,WD05775176
S000213,mdl_s000213,WD11807458
S000214,mdl_s000214,WD63004317
S000215,mdl_s000215,WD76642626
S000216,mdl_s000216,WD88445527
S000217,mdl_s000217,WD68784464
S000218,mdl_s000218,WD48663308
S000219,mdl_s000219,WD42272639
S000220,mdl_s000220,WD66094939
S000221,mdl_s000221,WD33397343
S000222,mdl_s000222,WD58919398
S000223,mdl_s000223,WD68925609
S000224,mdl_s000224,WD83239325
S000225,mdl_s000225,WD34551119
S000226,mdl_s000226,WD03919872
S000227,mdl_s000227,WD11531090
S000228,mdl_s000228,WD48690883
S000229,mdl_s000229,WD10549931
S000230,mdl_s000230,WD01125832
S000231,mdl_s000231,WD78255718
S000232,mdl_s000354,WD23911386
S000233,mdl_s000233,WD48718384
S000234,mdl_s000234,WD43018492
S000235,mdl_s000235,WD62472363
S000236,mdl_s000236,WD98000218
S000237,mdl_s000237,WD80333898
S000238,mdl_s000238,WD82962129
S000239,mdl_s000239,WD93011812
S000240,mdl_s000240,WD29493813
S000241,mdl_s000241,WD88042105
S000242,mdl_s000242,WD36895342
S000243,mdl_s000243,WD09808193
S000244,mdl_s000244,WD10146290
S000245,mdl_s000245,WD75648805
S000246,mdl_s000246,WD45212590
S000247,mdl_s000247,WD91223021
S000248,mdl_s000248,WD37084465
S000249,mdl_s000249,WD28233956
S000250,mdl_s000250,WD79826844
S000251,mdl_s000251,WD78596228
S000252,mdl_s000252,WD69192713
S000253,mdl_s000253,WD91527160
S000254,mdl_s000254,WD95675698
S000255,mdl_s000255,WD06722680
S000256,mdl_s000256,WD74167340
S000257,mdl_s000257,WD95882850
S000258,mdl_s000258,WD37855032
S000259,mdl_s000259,WD58343246
S000260,mdl_s000260,WD52684164
S000261,mdl_s000261,WD85806274
S000262,mdl_s000262,WD01073842
S000263,mdl_s000263,WD73284721
S000264,mdl_s000264,WD04393823
S000265,mdl_s000265,WD39627995
S000266,mdl_s000266,WD78317525
S000267,mdl_s000267,WD12765648
S000268,mdl_s000268,WD03565879
S000269,mdl_s000269,WD05646627
S000270,mdl_s000270,WD40452091
S000271,mdl_s000271,WD29116599
S000272,mdl_s000272,WD81701227
S000273,mdl_s000273,WD67104785
S000274,mdl_s000274,WD58904365
S000275,mdl_s000275,WD68684775
S000276,mdl_s000276,WD91821055
S000277,mdl_s000277,WD98946361
S000278,mdl_s000278,WD59160502
S000279,mdl_s000152,WD36717082
S000280,mdl_s000280,WD63275735
S000281,mdl_s000281,WD75713384
S000282,mdl_s000282,WD99062006
S000283,mdl_s000283,WD49344464
S000284,mdl_s000284,WD95977168
S000285,mdl_s000285,WD86406919
S000286,mdl_s000286,WD34478450
S000287,mdl_s000287,WD93762786
S000288,mdl_s000288,WD48521302
S000289,mdl_s000289,WD85991153
S000290,mdl_s000290,WD10102485
S000291,mdl_s000291,WD94264120
S000292,mdl_s000292,WD25017355
S000293,mdl_s000293,WD24780437
S000294,mdl_s000294,WD59581033
S000295,mdl_s000295,WD62328640
S000296,mdl_s000296,WD65005767
S000297,mdl_s000297,WD24202530
S000298,mdl_s000298,WD60006681
S000299,mdl_s000299,WD71376900
S000300,mdl_s000300,WD48114282
S000301,mdl_s000301,WD35530609
S000302,mdl_s000302,WD34613362
S000303,mdl_s000303,WD23495213
S000304,mdl_s000304,WD59460996
S000305,mdl_s000305,WD90142838
S000306,mdl_s000306,WD12728394
S000307,mdl_s000307,WD87716887
S000308,mdl_s000308,WD60730296
S000309,mdl_s000309,WD66953859
S000310,mdl_s000310,WD55833077
S000311,mdl_s000311,WD29147766
S000312,mdl_s000312,WD51234103
S000313,mdl_s000313,WD52453961
S000314,mdl_s000314,WD69109449
S000315,mdl_s000315,WD77141539
S000316,mdl_s000316,WD33600958
S000317,mdl_s000317,WD01417612
S000318,mdl_s000318,WD27618203
S000319,mdl_s000319,WD83049316
S000320,mdl_s000320,WD47658062
S000321,mdl_s000370,WD42660434
S000322,mdl_s000322,WD03148984
S000323,mdl_s000323,WD37534269
S000324,mdl_s000324,WD74895648
S000325,mdl_s000325,WD41371070
S000326,mdl_s000326,WD33234870
S000327,mdl_s000327,WD35073266
S000328,mdl_s000328,WD39607007
S000329,mdl_s000329,WD27551133
S000330,mdl_s000330,WD98960411
S000331,mdl_s000331,WD66799900
S000332,mdl_s000332,WD51170790
S000333,mdl_s000333,WD93711689
S000334,mdl_s000334,WD42473212
S000335,mdl_s000335,WD66373762
S000336,mdl_s000336,WD26766244
S000337,mdl_s000337,WD10603886
S000338,mdl_s000338,WD58818839
S000339,mdl_s000339,WD96979180
S000340,mdl_s000340,WD36327491
S000341,mdl_s000341,WD94092988
S000342,mdl_s000342,WD02959710
S000343,mdl_s000343,WD46058227
S000344,mdl_s000344,WD97770098
S000345,mdl_s000345,WD97647842
S000346,mdl_s000346,WD29042496
S000347,mdl_s000347,WD23354134
S000348,mdl_s000348,WD44555771
S000349,mdl_s000349,WD11119412
S000350,mdl_s000350,WD46057833
S000351,mdl_s000351,WD40702376
S000352,mdl_s000352,WD26964044
S000353,mdl_s000353,WD97812961
S000354,mdl_s000232,WD42707476
S000355,mdl_s000355,WD32873450
S000356,mdl_s000356,WD87483234
S000357,mdl_s000357,WD24348706
S000358,mdl_s000358,WD25172285
S000359,mdl_s000359,WD81739161
S000360,mdl_s000360,WD98800521
S000361,mdl_s000361,WD52929143
S000362,mdl_s000362,WD46841788
S000363,mdl_s000363,WD32869344
S000364,mdl_s000364,WD73594680
S000365,mdl_s000365,WD34678237
S000366,mdl_s000366,WD86607150
S000367,mdl_s000367,WD56846821
S000368,mdl_s000368,WD45557548
S000369,mdl_s000369,WD54115022
S000370,mdl_s000321,WD77961557
S000371,mdl_s000371,WD77174578
S000372,mdl_s000372,WD56234825
S000373,mdl_s000373,WD47938205
S000374,mdl_s000374,WD74039189
S000375,mdl_s000375,WD55651075
S000376,mdl_s000376,WD76645682
S000377,mdl_s000377,WD38809437
S000378,mdl_s000186,WD69297432
S000379,mdl_s000379,WD67152589
S000380,mdl_s000380,WD93363566
S000381,mdl_s000381,WD95215296
S000382,mdl_s000382,WD42579489
S000383,mdl_s000383,WD09884275
S000384,mdl_s000384,WD51043791
S000385,mdl_s000385,WD07137895
S000386,mdl_s000386,WD04544633
S000387,mdl_s000387,WD92178688
S000388,mdl_s000388,WD41830376
S000389,mdl_s000389,WD75903006
S000390,mdl_s000390,WD82190419
S000391,mdl_s000391,WD05480934
S000392,mdl_s000392,WD88565063
S000393,mdl_s000393,WD09986169
S000394,mdl_s000394,WD90009048
S000395,mdl_s000395,WD27490971
S000396,mdl_s000396,WD84624472
S000397,mdl_s000397,WD79309264
S000398,mdl_s000398,WD00843074
S000399,mdl_s000399,WD94769479
S000400,mdl_s000400,WD91516740
S000401,mdl_s000401,WD77833366
S000402,mdl_s000402,WD01042073
S000403,mdl_s000403,WD71581843
S000404,mdl_s000404,WD93988619
S000405,mdl_s000405,WD91473855
S000406,mdl_s000406,WD38706575
S000407,mdl_s000407,WD05693590
S000408,mdl_s000408,WD29535830
S000409,mdl_s000409,WD19644698
S000410,mdl_s000410,WD08472880
S000411,mdl_s000411,WD51751580
S000412,mdl_s000412,WD03240373
S000413,mdl_s000413,WD05700905
S000414,mdl_s000414,WD03805519
S000415,mdl_s000415,WD57214071
S000416,mdl_s000416,WD07776196
S000417,mdl_s000417,WD00003388
S000418,mdl_s000418,WD19710338
S000419,mdl_s000419,WD96814768
S000420,mdl_s000420,WD44388015
S000421,mdl_s000421,WD27355013
S000422,mdl_s000422,WD51939456
S000423,mdl_s000423,WD20993828
S000424,mdl_s000424,WD56814870
S000425,mdl_s000425,WD46489687
S000426,mdl_s000426,WD68854475
S000427,mdl_s000427,WD91224101
S000428,mdl_s000428,WD89785389
S000429,mdl_s000429,WD57317677
S000430,mdl_s000430,WD59096135
S000431,mdl_s000431,WD38382559
S000432,mdl_s000432,WD95958937
S000433,mdl_s000433,WD89953644
S000434,mdl_s000434,WD06923063
S000435,mdl_s000435,WD94878236
S000436,mdl_s000436,WD77567070
S000437,mdl_s000437,WD50202276
S000438,mdl_s000438,WD56027337
S000439,mdl_s000439,WD23712681
S000440,mdl_s000440,WD58961887
S000441,mdl_s000441,WD81974947
S000442,mdl_s000442,WD81289252
S000443,mdl_s000443,WD71718241
S000444,mdl_s000444,WD54267244
S000445,mdl_s000445,WD46822860
S000446,mdl_s000446,WD30792683
S000447,mdl_s000447,WD64169260
S000448,mdl_s000448,WD07273947
S000449,mdl_s000449,WD67570870
S000450,mdl_s000450,WD31831362
S000451,mdl_s000451,WD04538874
S000452,mdl_s000452,WD35422857
S000453,mdl_s000453,WD27895709
S000454,mdl_s000454,WD76077702
S000455,mdl_s000455,WD64510179
S000456,mdl_s000456,WD88634785
S000457,mdl_s000457,WD61881145
S000458,mdl_s000458,WD58884378
S000459,mdl_s000459,WD42888336
S000460,mdl_s000460,WD91887472
S000461,mdl_s000461,WD13643830
S000462,mdl_s000462,WD55806100
S000463,mdl_s000463,WD79313339
S000464,mdl_s000464,WD73393005
S000465,mdl_s000465,WD90869196
S000466,mdl_s000466,WD32897034
S000467,mdl_s000467,WD43686284
S000468,mdl_s000468,WD93199481
S000469,mdl_s000469,WD93776798
S000470,mdl_s000470,WD27139496
S000471,mdl_s000471,WD18204922
S000472,mdl_s000472,WD82596117
S000473,mdl_s000473,WD20313252
S000474,mdl_s000474,WD41958116
S000475,mdl_s000475,WD13209990
S000476,mdl_s000476,WD87294132
S000477,mdl_s000477,WD12738206
S000478,mdl_s000478,WD00915365
S000479,mdl_s000006,WD35084874
S000480,mdl_s000480,WD13333786
S000481,mdl_s000481,WD84410786
S000482,mdl_s000482,WD70089204
S000483,mdl_s000483,WD93537925
S000484,mdl_s000484,WD48481113
S000485,mdl_s000485,WD12718724
S000486,mdl_s000486,WD69643807
S000487,mdl_s000487,WD96586515
S000488,mdl_s000488,WD56701855
S000489,mdl_s000489,WD85162527
S000490,mdl_s000490,WD40815946
S000491,mdl_s000491,WD28926997
S000492,mdl_s000492,WD48612021
S000493,mdl_s000493,WD64693325
S000494,mdl_s000494,WD92322047
S000495,mdl_s000495,WD39873989
S000496,mdl_s000496,WD17807950
S000497,mdl_s000497,WD04937598
S000498,mdl_s000498,WD11622206
S000499,mdl_s000499,WD72991189
S000500,mdl_s000500,WD18868363
